1月1日18:00,酒井耀太,08012341234,tatsulowe@obama.co.jp,だだだ
3月16日22:30,ジェイソン・ステイサム,0101029010,godbless@everyone.govt,
3月24日23:30,白石麻衣,08012341234,maiyan@ng.jp,みさ先輩打ち上げ

1月1日18:00,ジェイソン・ステイサム,0101029010,maiyan@ng.jp,ぽいおｐ
1月1日18:00,酒井耀太,08012341234,tatsulowe@obama.co.jp,ｋ
1月1日18:00,白石麻衣,08012341234,tatsulowe@obama.co.jp,だだ
4月1日21:30,ジェイソン・ステイサム,08034154312,tatsulowe@obama.co.jp,ｇｇｂｇ
4月1日18:00,酒井耀太,08034154312,maiyan@ng.jp,だだだ
3月1日18:00,白石麻衣,08012341234,tatsulowe@obama.co.jp,
4月1日18:00,酒井耀太,08012341234,tatsulowe@obama.co.jp,
3月16日18:00,ｄ+,08034154312,godbless@everyone.govt,たぬき
4月10日18:00,酒井耀太,08034154312,maiyan@ng.jp,tttt
4月15日18:00,ゆめか,989292912,aie@yahoo.co.jp,うまし
3月15日20:00,酒井耀太,08012341234,maiyan@ng.jp,
3月6日18:00,酒井耀太,08034154312,tatsulowe@obama.co.jp,dadada
7月9日18:00,前澤友作,080-1234-5678,yousuck@gmail.com,
